model,val_bacc,val_macro_f1,test_bacc,test_macro_f1
compact_centroid_5,0.6949007936507936,0.6910243470845705,0.7095345854669157,0.6792340558329022
compact_logreg_5,0.7929058441558443,0.8027543919265551,0.8087336253736552,0.8004211105943856
