model,val_bacc,val_macro_f1,test_bacc,test_macro_f1
centroid,0.7076082251082252,0.6829844709746266,0.7229244433306758,0.69672028668349
logreg,0.8248701298701299,0.8286959475999709,0.8437995646815167,0.8445082154166809
