model,val_bacc,val_macro_f1,val_macro_roc_auc_ovr,val_macro_pr_auc,test_bacc,test_macro_f1,test_macro_roc_auc_ovr,test_macro_pr_auc,val_recall_Basal,val_recall_Her2,val_recall_LumA,val_recall_LumB,test_recall_Basal,test_recall_Her2,test_recall_LumA,test_recall_LumB
compact_logreg_primary4_TOP80,0.7838050080787756,0.7897299313849102,0.9570758009487133,0.8849348226067965,0.8430337188638897,0.8428238484750041,0.9783758820912194,0.9344273276966286,0.84375,0.696969696969697,0.8761904761904762,0.7183098591549296,0.8709677419354839,0.7352941176470589,0.9047619047619048,0.8611111111111112
