model,val_bacc,val_macro_f1,test_bacc,test_macro_f1,panel_size,C_SEL,LR_C,val_recall_Basal,val_recall_Her2,val_recall_LumA,val_recall_LumB,test_recall_Basal,test_recall_Her2,test_recall_LumA,test_recall_LumB
compact_logreg_primary4_TOP80,0.7838050080787756,0.7897299313849102,0.8430337188638897,0.8428238484750041,80,0.6,1.0,0.84375,0.696969696969697,0.8761904761904762,0.7183098591549296,0.8709677419354839,0.7352941176470589,0.9047619047619048,0.8611111111111112
