split,n,accuracy,macro_f1,weighted_f1
val,241,0.8381742738589212,0.828934161262352,0.8401900818596099
test,242,0.8388429752066116,0.8211481323141275,0.8429043973842213
